宠物编号,宠物名称,属性,特性,精力,物攻,魔攻,物防,魔防,速度,种族值总和
NO.001,迪莫,光,最好的伙伴：造成伤害后，获得攻防速+20%，并回复2能量。,120,80,80,105,105,92,582
NO.002,喵喵,草,氧循环：使用草系技能后，回复10%生命。,63,57,57,56,59,33,325
NO.003,喵呜,草,氧循环：使用草系技能后，回复10%生命。,85,77,77,75,79,44,437
NO.004,魔力猫,草,氧循环：使用草系技能后，回复10%生命。,106,96,96,94,99,55,546
NO.005,火花,火,助燃：使用火系技能后，获得双攻+20%。,70,84,37,56,43,78,368
NO.006,焰火,火,助燃：使用火系技能后，获得双攻+20%。,93,111,49,75,58,104,490
NO.007,火神,火,助燃：使用火系技能后，获得双攻+20%。,117,139,61,94,72,130,613
NO.008,水蓝蓝,水,浸润：使用水系技能后，全技能能耗-1。,75,35,76,56,79,51,372
NO.009,波波拉,水,浸润：使用水系技能后，全技能能耗-1。,100,46,102,75,106,68,497
NO.010,水灵,水,浸润：使用水系技能后，全技能能耗-1。,125,58,127,94,132,85,621
NO.011,鸭吉吉,普通,挺起胸脯：携带的能耗为1的技能，威力+50%。,136,95,35,55,45,105,471
NO.012,板板壳,水,缩壳：携带的防御技能能耗-2。,67,28,72,64,81,45,357
NO.013,咔咔壳,水,缩壳：携带的防御技能能耗-2。,90,37,96,85,107,60,475
NO.014,水泡壳,水,缩壳：携带的防御技能能耗-2。,112,46,120,107,134,75,594
NO.015,雏尾羊,幽,碰瓷：自己使用恶系技能后，敌方失去2能量。,67,66,29,72,49,66,349
NO.016,铃兰羊,幽,碰瓷：自己使用恶系技能后，敌方失去2能量。,89,89,39,96,65,88,466
NO.017,花影羚羊,幽/恶,碰瓷：自己使用恶系技能后，敌方失去2能量。,112,111,48,120,81,110,582
NO.018,雪绒鸟,翼,顺风：若先于敌方攻击，本次技能威力+50%。,54,77,33,65,44,69,342
NO.019,冬羽雀,翼,顺风：若先于敌方攻击，本次技能威力+50%。,72,103,44,86,59,92,456
NO.020,岚鸟,翼,顺风：若先于敌方攻击，本次技能威力+50%。,90,128,55,108,74,115,570
NO.021,小灵菇,幽,毒蘑菇：回合结束时，偷取敌方场上所有精灵1能量。,67,59,59,62,82,45,374
NO.022,幻灵菇,幽/草,毒蘑菇：回合结束时，偷取敌方场上所有精灵1能量。,89,79,79,83,109,60,499
NO.023,幻影灵菇,幽/草,毒蘑菇：回合结束时，偷取敌方场上所有精灵1能量。,111,98,98,103,136,75,621
NO.024,石肤蜥,地,刺肤：每受到1次攻击，对攻击自己的精灵造成50威力物理伤害。,69,54,53,65,45,57,343
NO.025,石刺蜥,地,刺肤：每受到1次攻击，对攻击自己的精灵造成50威力物理伤害。,92,72,71,87,60,76,458
NO.026,石冠王蜥,地,刺肤：每受到1次攻击，对攻击自己的精灵造成50威力物理伤害。,115,89,89,109,75,95,572
NO.027,布是石,地,地脉：初始能量为0，入场前己方精灵每放1次地系技能，回复3能量。,72,81,29,95,90,42,409
NO.028,布是岩,地,地脉：初始能量为0，入场前己方精灵每放1次地系技能，回复3能量。,96,108,39,127,120,56,546
NO.029,布克棱岩,地,地脉：初始能量为0，入场前己方精灵每放1次地系技能，回复3能量。,120,135,49,159,150,70,683
NO.030,恶魔叮,恶/翼,渴求：入场时获得50%吸血。,86,112,44,58,43,84,427
NO.031,叮叮恶魔,恶/翼,渴求：入场时获得50%吸血。,108,140,55,73,54,105,535
NO.032,毛毛,虫/萌,化茧：受到致命伤害时，获得1层萌化，并免疫此次伤害。,32,28,28,40,40,60,228
NO.033,爬爬,虫/萌,化茧：受到致命伤害时，获得1层萌化，并免疫此次伤害。,42,37,37,53,53,80,302
NO.034,化蝶,虫/萌,化茧：受到致命伤害时，获得1层萌化，并免疫此次伤害。,53,46,46,66,66,100,377
NO.035,幽影树,幽/草,小偷小摸：入场时偷取所有敌方精灵2能量。,111,96,96,65,123,80,571
NO.036,小鼠獭,普通/水,保守派：总技能能耗小于4时，自己获得双防+80%。,73,57,57,60,60,48,355
NO.037,燕尾獭,普通/水,保守派：总技能能耗小于4时，自己获得双防+80%。,97,77,77,81,81,64,477
NO.038,卷胡巨獭,普通/水,保守派：总技能能耗小于4时，自己获得双防+80%。,121,96,96,101,101,80,595
NO.039,矿晶虫,光/地,偏振：受到自己携带技能系列的攻击伤害-40%。,79,77,81,102,75,52,466
NO.040,晶石蜗,光/地,偏振：受到自己携带技能系列的攻击伤害-40%。,99,96,101,128,94,65,583
NO.041,奇丽草,草,养分重吸收：回合结束时，回复3能量。,67,69,69,73,57,48,383
NO.042,奇丽叶,草,养分重吸收：回合结束时，回复3能量。,90,92,92,97,76,64,511
NO.043,奇丽花,草,养分重吸收：回合结束时，回复3能量。,112,115,115,121,95,80,638
NO.044,丢丢,草,诈死：自己力竭时，少损失1点魔力。,44,45,12,49,40,78,268
NO.045,卡卡虫,草,诈死：自己力竭时，少损失1点魔力。,59,60,16,65,53,104,357
NO.046,卡瓦重,草,诈死：自己力竭时，少损失1点魔力。,74,75,20,81,67,130,447
NO.047,护主犬,火,专注力：入场首回合，获得物攻+100%。,68,103,37,81,66,96,451
NO.048,音速犬,火,专注力：入场首回合，获得物攻+100%。,85,128,46,101,82,120,562
NO.049,绿耳松鼠,普通,囤积：每有1能量，获得双防+10%。,69,50,47,67,52,48,333
NO.050,抱枕松鼠,普通,囤积：每有1能量，获得双防+10%。,92,67,63,89,70,64,445
NO.051,蹦床松鼠,普通,囤积：每有1能量，获得双防+10%。,114,84,79,111,87,80,555
NO.052,嘟嘟煲,毒,复方汤剂：回合结束时，中毒效果触发次数+1。,110,29,82,71,83,84,459
NO.053,嘟嘟锅,毒,复方汤剂：回合结束时，中毒效果触发次数+1。,137,36,102,89,104,105,573
NO.054,小灵面,幽,惊吓：能量等于0的精灵，无法对自己造成伤害。,55,30,72,59,81,69,366
NO.055,暗影灵面,幽,惊吓：能量等于0的精灵，无法对自己造成伤害。,74,40,96,78,108,92,488
NO.056,幽冥眼,幽,惊吓：能量等于0的精灵，无法对自己造成伤害。,92,50,120,98,135,115,610
NO.057,梦游,幽,做噩梦：敌方精灵离场后，更换入场的精灵失去3能量。,90,40,106,60,74,92,462
NO.058,梦悠悠,幽,做噩梦：敌方精灵离场后，更换入场的精灵失去3能量。,113,50,133,75,93,115,579
NO.059,兽花蕾,光/草,稀兽花宝：根据自己的血脉，入场时获得不同效果。,70,79,82,70,97,115,513
NO.060,伏地兽,普通,壮胆：队伍存在虫系精灵，自己获得双攻+50%。,95,56,25,70,41,51,338
NO.061,贪食鼹,普通,壮胆：队伍存在虫系精灵，自己获得双攻+50%。,126,74,33,94,54,68,449
NO.062,巨噬甘鼹,普通,壮胆：队伍存在虫系精灵，自己获得双攻+50%。,158,93,41,117,68,85,562
NO.063,蹦蹦种子,草/毒,生物碱：使用草系技能时，敌方获得2层中毒。,60,64,66,44,63,51,348
NO.064,蹦蹦草,草/毒,生物碱：使用草系技能时，敌方获得2层中毒。,80,85,88,59,84,68,464
NO.065,蹦蹦花,草/毒,生物碱：使用草系技能时，敌方获得2层中毒。,100,107,110,73,105,85,580
NO.066,电咩咩,电,快充：离场时回复10能量。,47,49,49,55,57,75,332
NO.067,粉咩咩,电,快充：离场时回复10能量。,62,66,66,73,76,100,443
NO.068,电球咩咩,电,快充：离场时回复10能量。,78,82,82,91,95,125,553
NO.069,蒲公英,草/萌,勇敢：携带的能耗大于3的技能，威力+40%。,89,99,94,103,78,52,515
NO.070,蒲公英娃娃,草/萌,勇敢：携带的能耗大于3的技能，威力+40%。,111,123,117,129,97,65,642
NO.071,伊贝儿,草,腐植循环：每回复1能量，同时回复5%生命。,85,73,71,76,76,72,453
NO.072,伊贝粉粉,草,腐植循环：每回复1能量，同时回复5%生命。,106,91,89,95,95,90,566
NO.073,白发懒人,普通,慢热型：初始能量为0，入场前己方精灵每成功应对1次，回复5能量。,86,94,38,81,66,45,410
NO.074,动力猿,普通/武,慢热型：初始能量为0，入场前己方精灵每成功应对1次，回复5能量。,115,125,51,108,88,60,547
NO.075,瞌睡王,普通/武,慢热型：初始能量为0，入场前己方精灵每成功应对1次，回复5能量。,144,157,64,135,110,75,685
NO.076,海盈虫,水/毒,溶解扩散：每携带1个毒系技能进入战斗，水系技能使敌方获得1层中毒。,71,25,59,46,66,60,327
NO.077,刺盈虫,水/毒,溶解扩散：每携带1个毒系技能进入战斗，水系技能使敌方获得1层中毒。,94,33,79,61,88,80,435
NO.078,千棘盈,水/毒,溶解扩散：每携带1个毒系技能进入战斗，水系技能使敌方获得1层中毒。,118,41,99,76,111,100,545
NO.079,菊花梨,萌,无忧无虑：可获得的萌化层数不受限制。,106,49,116,77,115,60,523
NO.080,小星光,电,电流刺激：携带的攻击技能获得迸发：威力+40。,60,81,85,72,88,108,494
NO.081,星光狮,电,电流刺激：携带的攻击技能获得迸发：威力+40。,75,101,106,90,110,135,617
NO.082,一窝蜂,虫/翼,虫群鼓舞：队伍中每有1只其他的虫系精灵，自己入场时获得攻防速+10%。,87,32,29,27,27,26,228
NO.083,黄蜂后,虫/翼,虫群鼓舞：队伍中每有1只其他的虫系精灵，自己入场时获得攻防速+10%。,116,43,39,36,36,35,305
NO.084,花魁蜂后,虫/翼,虫群鼓舞：队伍中每有1只其他的虫系精灵，自己入场时获得攻防速+10%。,145,54,49,45,45,44,382
NO.085,小夜,恶,嫁祸：自己每失去25%生命，连击数+2。,60,69,63,62,51,69,374
NO.086,紫夜,恶,嫁祸：自己每失去25%生命，连击数+2。,80,92,84,83,68,92,499
NO.087,朔夜伊芙,恶,嫁祸：自己每失去25%生命，连击数+2。,100,115,105,104,85,115,624
NO.088,乖乖鹄,翼/水,洁癖：离场后，自己的增益和减益会被更换入场的精灵继承。,75,57,52,83,58,69,394
NO.089,蓝珠天鹅,翼/水,洁癖：离场后，自己的增益和减益会被更换入场的精灵继承。,100,76,69,110,78,92,525
NO.090,翠顶夫人,翼/水,洁癖：离场后，自己的增益和减益会被更换入场的精灵继承。,125,95,86,138,97,115,656
NO.091,黑羽夫人,翼/恶,贪婪：敌方精灵离场后，其增益和减益会被更换入场的精灵继承。,132,93,87,130,90,120,652
NO.092,锤头鹟,翼/水,便捷：携带的能耗小于3的技能，获得迅速。,111,67,65,91,72,105,511
NO.093,绿草精灵,草/幻,木桶戏法：离场后，更换入场的精灵以木桶状态登场。,79,35,89,87,111,72,473
NO.094,魔草巫灵,草/幻,木桶戏法：离场后，更换入场的精灵以木桶状态登场。,99,43,112,109,139,90,592
NO.095,记忆石,地,不移：携带的无额外效果的攻击技能，威力+30%。,112,108,97,141,79,70,607
NO.096,咔咔羽毛,翼/普通,咔咔冲刺：若先于敌方行动，行动后获得连击数+1。,58,68,66,61,53,72,378
NO.097,咔咔雀,翼/普通,咔咔冲刺：若先于敌方行动，行动后获得连击数+1。,78,91,88,81,71,96,505
NO.098,咔咔鸟,翼/普通,咔咔冲刺：若先于敌方行动，行动后获得连击数+1。,97,114,110,101,89,120,631
NO.099,小草虫,虫/草,花精灵：回合结束时，己方队伍获得1次随机奉献。,73,40,43,50,57,60,323
NO.100,草衣虫,虫/草,花精灵：回合结束时，己方队伍获得1次随机奉献。,97,53,57,67,75,80,429
NO.101,花衣蝶,虫/草,花精灵：回合结束时，己方队伍获得1次随机奉献。,122,67,72,84,94,100,539
NO.102,绿翼鸟,萌/翼,自由飘：自己每有1层萌化，获得连击数+2。,52,68,20,56,53,81,330
NO.103,魔翼鸟,萌/翼,自由飘：自己每有1层萌化，获得连击数+2。,70,91,27,75,70,108,441
NO.104,魔着鸟,萌/翼,自由飘：自己每有1层萌化，获得连击数+2。,87,113,34,94,88,135,551
NO.105,阿米亚特,地,石头大餐：能量不足时，消耗5%生命，代替1能量。,64,95,47,67,42,45,360
NO.106,阿米樱,地,石头大餐：能量不足时，消耗5%生命，代替1能量。,86,127,62,89,56,60,480
NO.107,罗隐,地/恶,石头大餐：能量不足时，消耗5%生命，代替1能量。,107,159,78,112,70,75,601
NO.108,风铃鲨,水/翼,水翼推进：己方精灵每使用1次水系技能，自己入场时获得全技能能耗-1。,54,46,46,63,63,75,347
NO.109,蓝蝶鲨,水/翼,水翼推进：己方精灵每使用1次水系技能，自己入场时获得全技能能耗-1。,72,61,61,84,84,100,462
NO.110,彩蝶鲨,水/翼,水翼推进：己方精灵每使用1次水系技能，自己入场时获得全技能能耗-1。,90,77,77,105,105,125,579
NO.111,石石,地,石天平：若使用技能能耗高于敌方，回合结束敌方失去能耗之差的能量。,76,79,79,101,56,76,467
NO.112,巨灵石,地/幽,石天平：若使用技能能耗高于敌方，回合结束敌方失去能耗之差的能量。,95,99,99,126,70,95,584
NO.113,仪使者,地/幻,观星：在场时，己方所有概率触发的效果必定触发。,64,54,57,69,71,51,366
NO.114,仪式之星,地/幻,观星：在场时，己方所有概率触发的效果必定触发。,85,72,76,92,95,68,488
NO.115,仪式巨像,地/幻,观星：在场时，己方所有概率触发的效果必定触发。,106,90,95,115,119,85,610
NO.116,小独角兽,光,目空：携带的非光系技能，威力+25%。,79,48,129,62,74,84,476
NO.117,白金独角兽,光,目空：携带的非光系技能，威力+25%。,99,61,161,77,92,105,595
NO.118,旋叶虫,普通/虫,共鸣：携带的【虫鸣】技能威力+20。,56,15,65,63,55,72,326
NO.119,蓬叶虫,普通/虫,共鸣：携带的【虫鸣】技能威力+20。,74,19,87,84,73,96,433
NO.120,风滚草虫,普通/虫,共鸣：携带的【虫鸣】技能威力+20。,93,24,109,105,91,120,542
NO.121,小黑猫,普通,预警：若敌方技能能够击败自己，回合开始时自己获得速度+50。,121,72,130,54,95,56,528
NO.122,黑猫巫师,普通,预警：若敌方技能能够击败自己，回合开始时自己获得速度+50。,152,91,163,67,119,70,662
NO.123,怒幽狸,幽/毒,下黑手：敌方精灵离场后，更换入场的精灵获得5层中毒。,78,87,84,84,56,104,493
NO.124,影狸,幽/毒,下黑手：敌方精灵离场后，更换入场的精灵获得5层中毒。,97,109,105,105,70,130,616
NO.125,多多,毒/地,毒牙：使敌方获得中毒时，也会使其获得魔攻和魔防-40%。,47,53,53,82,66,54,355
NO.126,多啦多,毒/地,毒牙：使敌方获得中毒时，也会使其获得魔攻和魔防-40%。,63,70,70,109,88,72,472
NO.127,古啦多,毒/地,毒牙：使敌方获得中毒时，也会使其获得魔攻和魔防-40%。,79,88,88,136,110,90,591
NO.128,哭哭菇,幻,吸板盘：回合结束时，敌方获得2层星陨印记。,74,38,41,30,60,36,279
NO.129,怖须菇,幻,吸板盘：回合结束时，敌方获得2层星陨印记。,99,50,55,40,80,48,372
NO.130,怖哭菇,幻,吸板盘：回合结束时，敌方获得2层星陨印记。,124,63,69,50,100,60,466
NO.131,恶魔狼,恶,悲悯：己方队伍中每有1只力竭的精灵，自己获得双攻+30%。,115,114,45,91,63,120,548
NO.132,小电企鹅,冰/电,超负荷：攻击技能获得迸发：敌方获得全技能能耗+1。,75,45,101,59,87,100,467
NO.133,电企鹅,冰/电,超负荷：攻击技能获得迸发：敌方获得全技能能耗+1。,94,56,126,73,109,125,583
NO.134,雪豆丁,冰,打雪仗：初始能量为0，入场前己方精灵每放1次冰系技能，回复3能量。,97,104,47,83,62,36,429
NO.135,雪蛮人,冰,打雪仗：初始能量为0，入场前己方精灵每放1次冰系技能，回复3能量。,130,139,63,111,83,48,574
NO.136,雪巨人,冰,打雪仗：初始能量为0，入场前己方精灵每放1次冰系技能，回复3能量。,162,174,79,139,104,60,718
NO.137,呼呼猪,冰/地,冻土：每携带1个冰系技能进入战斗，地系技能威力+10%。,98,95,33,88,81,68,463
NO.138,獠牙猪,冰/地,冻土：每携带1个冰系技能进入战斗，地系技能威力+10%。,123,119,41,110,101,85,579
NO.139,雪娃娃,冰,冰封：在场时，敌方全技能能耗+1。,56,67,67,63,63,69,385
NO.140,冰封怨灵,冰,冰封：在场时，敌方全技能能耗+1。,75,90,90,84,84,92,515
NO.141,雪灵,冰,冰封：在场时，敌方全技能能耗+1。,94,112,112,105,105,115,643
NO.142,大耳帽兜,冰/萌,捉迷藏：使敌方获得冻结时，也会使其获得全技能能耗+1。,78,62,59,39,78,54,370
NO.143,帽兜娃娃,冰/萌,捉迷藏：使敌方获得冻结时，也会使其获得全技能能耗+1。,104,83,78,52,104,72,493
NO.144,雪影娃娃,冰/萌,捉迷藏：使敌方获得冻结时，也会使其获得全技能能耗+1。,130,103,98,66,130,90,617
NO.145,权杖-II,机械,机械变式：自己携带的技能每回合位置变化时，该技能能耗-1。,82,84,78,109,109,60,522
NO.146,权杖-V,机械,机械变式：自己携带的技能每回合位置变化时，该技能能耗-1。,103,105,97,136,136,75,652
NO.147,灵狐,火/冰,灵魂灼伤：冰系技能使敌方获得4层灼烧，火系技能使敌方获得2层冻结。,69,52,52,50,64,60,347
NO.148,九尾狐,火/冰,灵魂灼伤：冰系技能使敌方获得4层灼烧，火系技能使敌方获得2层冻结。,92,70,70,67,86,80,465
NO.149,尖嘴狐仙,火/冰,灵魂灼伤：冰系技能使敌方获得4层灼烧，火系技能使敌方获得2层冻结。,115,87,87,84,107,100,580
NO.150,里奥,翼,随风：对本精灵的技能，若其他翼系精灵携带相同技能，则获得迅速。被敌方精灵击败时，自己额外损失1点魔力。,79,65,65,77,50,75,411
NO.151,灵羽勇士,翼,随风：对本精灵的技能，若其他翼系精灵携带相同技能，则获得迅速。被敌方精灵击败时，自己额外损失1点魔力。,105,87,87,102,66,100,547
NO.152,圣羽冥王,翼,随风：对本精灵的技能，若其他翼系精灵携带相同技能，则获得迅速。被敌方精灵击败时，自己额外损失1点魔力。,132,109,109,128,83,125,686
NO.153,松仔,草/武,野性感官：应对成功后，下次行动先手+1。,63,83,34,77,60,63,380
NO.154,松叶羊,草/武,野性感官：应对成功后，下次行动先手+1。,84,111,46,102,80,84,507
NO.155,针叶巡林,草/武,野性感官：应对成功后，下次行动先手+1。,105,139,57,128,100,105,634
NO.156,小勇狮,火/武,圣火骑士：应对成功后，下次攻击威力翻倍。,82,31,66,53,78,48,358
NO.157,炽焰狮,火/武,圣火骑士：应对成功后，下次攻击威力翻倍。,110,41,89,70,104,64,478
NO.158,炽心勇狮,火/武,圣火骑士：应对成功后，下次攻击威力翻倍。,137,51,111,88,130,80,597
NO.159,水滴蛇,水/武,思维之盾：应对成功后，下次行动技能能耗-5。,63,66,62,62,62,63,378
NO.160,水蛇锁,水/武,思维之盾：应对成功后，下次行动技能能耗-5。,84,88,83,83,83,84,505
NO.161,游蛇魔使,水/武,思维之盾：应对成功后，下次行动技能能耗-5。,105,110,104,103,103,105,630
NO.162,公平鸽,普通,衡量：入场时，复制敌方的增益。在场时，若敌方获得增益自己也会获得。,113,93,93,125,125,100,649
NO.163,小怂猫,武,威慑：打断敌方时，被打断的技能进入2回合冷却。,74,106,101,89,76,76,522
NO.164,怒目怂猫,武,威慑：打断敌方时，被打断的技能进入2回合冷却。,92,132,126,111,95,95,651
NO.165,小狮鹫,翼,乘风连击：使用翼系技能后，获得连击数+1。,61,69,39,64,33,72,338
NO.166,神圣狮鹫,翼,乘风连击：使用翼系技能后，获得连击数+1。,82,92,51,86,44,96,451
NO.167,皇家狮鹫,翼,乘风连击：使用翼系技能后，获得连击数+1。,102,116,64,107,55,120,564
NO.168,园眼蜘蛛,虫,毒腺：使用能耗小于等于1的技能时，敌方获得4层中毒。,55,37,37,55,55,66,305
NO.169,尖角蜘蛛,虫/毒,毒腺：使用能耗小于等于1的技能时，敌方获得4层中毒。,74,49,49,73,73,88,406
NO.170,芋香巨角蛛,虫/毒,毒腺：使用能耗小于等于1的技能时，敌方获得4层中毒。,92,61,61,91,91,110,506
NO.171,波波螺,地/水,消波块：每携带1个水系技能进入战斗，地系技能能耗-1。,67,59,59,87,66,42,380
NO.172,消波螺,地/水,消波块：每携带1个水系技能进入战斗，地系技能能耗-1。,89,78,78,116,88,56,505
NO.173,嗜波螺,地/水,消波块：每携带1个水系技能进入战斗，地系技能能耗-1。,112,98,98,146,110,70,634
NO.174,菇菇丁,地/草,多人宿舍：自己的能量可以超过能量上限。,89,61,57,70,57,42,376
NO.175,多菇丁,地/草,多人宿舍：自己的能量可以超过能量上限。,119,81,76,93,76,56,501
NO.176,九幽菇,地/草,多人宿舍：自己的能量可以超过能量上限。,149,102,95,116,95,70,627
NO.177,斑斑,翼,逐魂鸟：能耗小于等于1的攻击技能，无法对自己造成伤害。,71,90,90,71,80,92,494
NO.178,斑枭,翼,逐魂鸟：能耗小于等于1的攻击技能，无法对自己造成伤害。,89,112,112,89,100,115,617
NO.179,草头鸭,草,得寸进尺：天气为雨天，或处于其他水系环境中时，获得双攻+100%。,92,79,24,66,50,92,403
NO.180,卷毛鸭,草,得寸进尺：天气为雨天，或处于其他水系环境中时，获得双攻+100%。,116,98,29,83,63,115,504
NO.181,海豹战士,武/水,身经百练：己方精灵每应对1次，自己入场时水系和武系技能威力+20%。,72,91,87,89,62,80,481
NO.182,海豹船长,武/水,身经百练：己方精灵每应对1次，自己入场时水系和武系技能威力+20%。,90,113,109,111,77,100,600
NO.183,号儿鱼,水,泛音列：使用状态技能后，敌方获得【聒噪】技能的效果，持续3回合。,109,27,76,76,88,84,460
NO.184,圆号鱼,水,泛音列：使用状态技能后，敌方获得【聒噪】技能的效果，持续3回合。,136,34,95,95,110,105,575
NO.185,甜田螺,水/萌,守护者：己方其他精灵每有1层萌化，自己入场时全技能能耗-1。,68,61,64,49,74,54,370
NO.186,壳乙螺,水/萌,守护者：己方其他精灵每有1层萌化，自己入场时全技能能耗-1。,91,81,86,66,99,72,495
NO.187,卡洛儿,水/萌,守护者：己方其他精灵每有1层萌化，自己入场时全技能能耗-1。,114,102,107,82,124,90,619
NO.188,棋棋,武/地,腾挪：攻击技能应对1次后，回满状态，变为棋骑后。,72,100,36,70,56,100,434
NO.189,棋骑士,武/地,腾挪：攻击技能应对1次后，回满状态，变为棋骑后。,90,126,45,88,69,125,543
NO.190,棋齐垒,武/地,保卫：防御技能应对2次后，回满状态，变为棋骑后。,89,94,38,116,77,75,489
NO.191,棋祈督,武/地,好象环象：状态技能应对1次后，回满状态，变为棋骑后。,126,87,87,90,72,85,547
NO.192,棋骑后,武/地,渗透：己方精灵每使用1次武系或地系技能，自己入场时获得双防+5%。,93,84,84,82,75,90,508
NO.193,奔波鼠,地,奔波命：使用防御技能后，回合结束时脱离。,72,37,93,67,90,92,451
NO.194,流浪鼠,地,奔波命：使用防御技能后，回合结束时脱离。,90,46,116,84,112,115,563
NO.195,呆小路,草/萌,营养液泡：获得增益时，额外获得层数+2。,52,60,64,68,79,57,380
NO.196,舞动路路,草/萌,营养液泡：获得增益时，额外获得层数+2。,69,80,86,91,105,76,507
NO.197,白发路路,草/萌,营养液泡：获得增益时，额外获得层数+2。,86,100,107,113,132,95,633
NO.198,逗逗,萌,鼓气：使用能耗为3的技能时，获得攻防+20%。,48,70,64,68,68,66,384
NO.199,气球猫,萌,鼓气：使用能耗为3的技能时，获得攻防+20%。,64,93,86,90,90,88,511
NO.200,梦想三三,萌,鼓气：使用能耗为3的技能时，获得攻防+20%。,81,117,107,113,113,110,641
NO.201,花怨鳗,地/草,铃兰晚钟：首次入场时，失去自己一半的当前生命。,232,73,73,110,90,52,630
NO.202,鳗尾兽,地/草,铃兰晚钟：首次入场时，失去自己一半的当前生命。,290,91,91,138,113,65,788
NO.203,伊雷龙,龙,嫉妒：蓄力状态下，可以使用任一携带技能。,90,73,152,55,79,72,521
NO.204,伊兰亚龙,龙,嫉妒：蓄力状态下，可以使用任一携带技能。,112,91,190,69,99,90,651
NO.205,拉特,电,噼啪！：攻击技能获得迸发：威力+40。,67,80,80,62,78,100,467
NO.206,酷拉,电,噼啪！：攻击技能获得迸发：威力+40。,83,100,100,78,97,125,583
NO.207,闪电环,电,防过载保护：每次行动后脱离。,64,49,49,51,50,72,335
NO.208,刺电环,电,防过载保护：每次行动后脱离。,85,65,65,68,67,96,446
NO.209,荆棘电环,电,防过载保护：每次行动后脱离。,106,81,81,85,84,120,557
NO.210,小箱怪,机械/幻,虚假宝箱：自己力竭时，敌方获得物攻+20%。,111,103,103,122,122,64,625
NO.211,迷迷箱怪,机械/幻,虚假宝箱：自己力竭时，敌方获得物攻+20%。,138,129,129,153,153,80,782
NO.212,古钟蛇,萌/毒,拔浪鼓：己方精灵每使用1次状态技能，自己入场时毒系和萌系技能威力+10。,85,63,63,64,91,80,446
NO.213,寒音蛇,萌/毒,拔浪鼓：己方精灵每使用1次状态技能，自己入场时毒系和萌系技能威力+10。,106,79,79,80,114,100,558
NO.214,矮脚爬爬,虫,振奋虫心：主动击败敌方后，己方队伍获得5次随机奉献。,80,117,110,74,59,92,532
NO.215,恶魔红钻,虫/恶,振奋虫心：主动击败敌方后，己方队伍获得5次随机奉献。,100,147,137,93,74,115,666
NO.216,火尾战特,火,蒸汽膨胀：己方精灵每使用1次火系技能，自己入场时获得全技能能耗+10。,68,54,15,71,56,39,303
NO.217,火尾战士,火,蒸汽膨胀：己方精灵每使用1次火系技能，自己入场时获得全技能能耗+10。,90,72,20,94,74,52,402
NO.218,烈火守护,火,蒸汽膨胀：己方精灵每使用1次火系技能，自己入场时获得全技能能耗+10。,113,90,25,118,93,65,504
NO.219,里拉鲲,水,吟游之弦：赋予的印记不会替换其他印记，而是同时生效。,118,82,89,103,147,105,644
NO.220,海枝枝,水/幽,珊瑚骨：敌方精灵离场时，自己获得全技能能耗-3。,78,58,148,96,120,110,610
NO.221,多西,机械/地,定向精炼：己方精灵每使用1次防御技能，自己入场时机械系和地面系技能威力+10%。,64,73,26,82,70,30,345
NO.222,库多西,机械/地,定向精炼：己方精灵每使用1次防御技能，自己入场时机械系和地面系技能威力+10%。,85,98,34,109,93,40,459
NO.223,波多西,机械/地,定向精炼：己方精灵每使用1次防御技能，自己入场时机械系和地面系技能威力+10%。,106,122,43,136,116,50,573
NO.224,小翼龙,龙/翼,暴食：携带的龙系技能获得迅速。,66,91,24,73,63,92,409
NO.225,翼龙,龙/翼,暴食：携带的龙系技能获得迅速。,83,114,31,91,79,115,513
NO.226,电动长颈鹿,电,蓄电池：每入场1次，永久获得双攻+20%。,55,59,20,65,47,72,318
NO.227,奔乐鹿,电,蓄电池：每入场1次，永久获得双攻+20%。,73,79,27,86,63,96,424
NO.228,爵士鹿,电,蓄电池：每入场1次，永久获得双攻+20%。,92,99,34,108,79,120,532
NO.229,缇塔,机械,向心力：1号位和2号位技能获得传动1和威力+30。,73,99,38,98,74,72,454
NO.230,声波缇塔,机械,向心力：1号位和2号位技能获得传动1和威力+30。,92,124,48,122,92,90,568
NO.231,小鹏,翼,起飞加速：本场战斗首次使用的技能获得迅速。,56,38,38,67,52,69,320
NO.232,鹏目鹏,翼,起飞加速：本场战斗首次使用的技能获得迅速。,75,51,51,90,70,92,429
NO.233,高脚鹏,翼,起飞加速：本场战斗首次使用的技能获得迅速。,94,63,63,112,87,115,534
NO.234,脆筒甜甜,冰,加个雪球：使敌方获得冻结时，也会使其获得2层冻结。,72,67,72,42,55,60,368
NO.235,香草甜甜,冰,加个雪球：使敌方获得冻结时，也会使其获得2层冻结。,96,90,95,56,74,80,491
NO.236,圣代甜甜,冰,加个雪球：使敌方获得冻结时，也会使其获得2层冻结。,119,112,119,70,92,100,612
NO.237,刺轮轮,毒/萌,耐活王：敌方受到中毒效果伤害时，自己回复等量生命。,100,80,78,80,65,84,487
NO.238,月亮轮,毒/萌,耐活王：敌方受到中毒效果伤害时，自己回复等量生命。,125,100,98,100,81,105,609
NO.239,豆丁鱼,水/龙,洄游：每次进入蓄力状态，获得全技能能耗永久-1。,45,70,74,67,70,75,401
NO.240,快鳍鱼,水/龙,洄游：每次进入蓄力状态，获得全技能能耗永久-1。,60,93,99,89,93,100,534
NO.241,龙鱼,水/龙,洄游：每次进入蓄力状态，获得全技能能耗永久-1。,75,116,123,112,116,125,667
NO.242,胆小鳗鱼,电/水,生物电：携带的电系技能获得迸发：能耗-2。,68,92,92,83,90,92,517
NO.243,闪电鳗鱼,电/水,生物电：携带的电系技能获得迸发：能耗-2。,85,115,115,104,112,115,646
NO.244,翡翠水母,水/毒,扩散侵蚀：使用水系技能后，敌方获得中毒，获得层数等于中毒印记层数的2倍。,108,30,68,75,109,76,466
NO.245,琉璃水母,水/毒,扩散侵蚀：使用水系技能后，敌方获得中毒，获得层数等于中毒印记层数的2倍。,134,37,85,93,136,95,580
NO.246,袭洛,毒,蚀刻：回合结束时，敌方每2层中毒转化为1层中毒印记。,44,56,50,39,48,75,312
NO.247,袭力,毒,蚀刻：回合结束时，敌方每2层中毒转化为1层中毒印记。,59,74,67,52,64,100,416
NO.248,袭卡,毒,蚀刻：回合结束时，敌方每2层中毒转化为1层中毒印记。,73,93,83,65,81,125,520
NO.249,可爱猿,火,散热：初始能量为0，入场前己方精灵每放1次火系技能，回复3能量。,100,97,43,86,67,36,429
NO.250,炽热猿,火,散热：初始能量为0，入场前己方精灵每放1次火系技能，回复3能量。,133,130,57,115,89,48,572
NO.251,火焰猿,火,散热：初始能量为0，入场前己方精灵每放1次火系技能，回复3能量。,167,162,72,143,111,60,715
NO.252,布鲁斯,冰,冰钻：敌方携带技能总能耗每有1点，自己攻击时威力+10%。,44,60,16,68,53,54,295
NO.253,雪顶布鲁斯,冰,冰钻：敌方携带技能总能耗每有1点，自己攻击时威力+10%。,58,81,22,91,70,72,394
NO.254,冰钻布鲁斯,冰,冰钻：敌方携带技能总能耗每有1点，自己攻击时威力+10%。,73,101,27,114,88,90,493
NO.255,治愈兔,火/萌,仁心：敌方受到灼烧伤害时，自己回复等量生命。,67,28,73,60,76,54,358
NO.256,红丝绒,火/萌,仁心：敌方受到灼烧伤害时，自己回复等量生命。,90,38,98,80,101,72,479
NO.257,红绒十字,火/萌,仁心：敌方受到灼烧伤害时，自己回复等量生命。,112,47,122,100,127,90,598
NO.258,乌达,恶/火,恶魔的晚宴：主动击败敌方精灵时，自己获得双攻+50%。,80,95,49,70,42,33,369
NO.259,迷你说,恶/火,恶魔的晚宴：主动击败敌方精灵时，自己获得双攻+50%。,107,126,66,93,56,44,492
NO.260,乌拉塔,恶/火,恶魔的晚宴：主动击败敌方精灵时，自己获得双攻+50%。,134,158,82,116,70,55,615
NO.261,螺旋帕帕,机械/翼,翼轴：1号位技能获得迅速和传动1。,88,55,8,79,67,80,377
NO.262,帕帕斯卡,机械/翼,翼轴：1号位技能获得迅速和传动1。,110,68,10,99,84,100,471
NO.263,机械立方,机械,盲拧：回合开始时，技能顺序打乱，4号位的技能能耗-4。,62,81,32,76,60,51,362
NO.264,多形方方,机械,盲拧：回合开始时，技能顺序打乱，4号位的技能能耗-4。,82,108,43,101,80,68,482
NO.265,立方人,机械,盲拧：回合开始时，技能顺序打乱，4号位的技能能耗-4。,103,135,54,127,101,85,605
NO.266,可立鸡,火,指挥家：应对成功后，永久获得双攻+20%。,65,79,79,55,52,66,396
NO.267,晕晕鸡,火,指挥家：应对成功后，永久获得双攻+20%。,86,106,106,74,70,88,530
NO.268,绅士鸡,火/武,指挥家：应对成功后，永久获得双攻+20%。,108,132,132,92,87,110,661
NO.269,武者鸡,火/武,斗技：应对成功后，获得全技能威力永久+20。,121,144,58,92,70,95,580
NO.270,优优,地/光,哨兵：回合开始时若敌方技能足够击败自己，自己获得速度+50，行动后脱离。,81,35,89,84,104,92,485
NO.271,绒光优优,地/光,哨兵：回合开始时若敌方技能足够击败自己，自己获得速度+50，行动后脱离。,101,43,111,105,130,115,605
NO.272,噼啪鸟,电/翼,连续负荷：自己技能的迸发效果延长1回合。,78,116,109,85,85,145,618
NO.273,深蓝鲸,水,倾听：携带的技能受能耗变化效果的影响翻倍。,129,40,115,119,135,50,588
NO.274,格兰种子,草,生长：回合结束时，回复12%生命。,65,31,74,48,67,36,321
NO.275,格兰花,草,生长：回合结束时，回复12%生命。,86,42,99,64,90,48,429
NO.276,格兰球,草,生长：回合结束时，回复12%生命。,108,52,124,80,112,60,536
NO.277,地鼠,地,警惕：回合结束时，若自己能量为0则脱离。,66,71,31,61,42,66,337
NO.278,遁鼠,地,警惕：回合结束时，若自己能量为0则脱离。,88,95,41,82,56,88,450
NO.279,遁地鼠,地,警惕：回合结束时，若自己能量为0则脱离。,110,119,51,102,70,110,562
NO.280,墨鱿士,幽,涂鸦：使用非本系技能时威力+50%。,103,84,34,105,79,56,461
NO.281,混乱鱿彩,幽/恶,涂鸦：使用非本系技能时威力+50%。,129,105,42,131,99,70,576
NO.282,秩序就墨,幽/萌,绝对秩序：受到非敌方系别的技能攻击时伤害-50%。,78,120,39,124,113,130,604
NO.283,小甲虫,虫,坚韧铠甲：每受到1次攻击伤害，己方队伍获得1次随机奉献。,98,71,31,97,61,60,418
NO.284,铠甲虫,虫,坚韧铠甲：每受到1次攻击伤害，己方队伍获得1次随机奉献。,122,88,39,121,77,75,522
NO.285,圣剑侍从,机械,正位宝剑：仅可以使用1号位技能。,139,116,111,139,139,52,696
NO.286,圣剑-X,机械,正位宝剑：仅可以使用1号位技能。,174,144,139,173,173,65,868
NO.287,吸泥鹉,地/翼,无差别过滤：在场时，所有精灵连击数固定为2。,99,89,33,87,71,76,455
NO.288,泥叽牙,地/翼,无差别过滤：在场时，所有精灵连击数固定为2。,124,112,41,109,88,95,569
NO.289,大头骨龙,龙/幽,不朽：力竭3回合后复活。,74,93,33,69,52,68,389
NO.290,寂灭骨龙,龙/幽,不朽：力竭3回合后复活。,92,116,41,87,65,85,486
NO.291,厉毒小萝,毒/恶,侵蚀：敌方每有1层中毒效果，自己获得连击数+1。,64,64,17,81,59,108,396
NO.292,厉毒修萝,毒/恶,侵蚀：敌方每有1层中毒效果，自己获得连击数+1。,84,80,21,101,74,135,495
NO.293,小帕尔,恶,付给恶魔的赎价：击败敌方精灵时，敌方额外损失1点魔力。被敌方精灵击败时，自己额外损失1点魔力。,78,76,34,79,52,60,379
NO.294,帕尔萨斯,恶,付给恶魔的赎价：击败敌方精灵时，敌方额外损失1点魔力.被敌方精灵击败时，自己额外损失1点魔力。,104,102,46,105,70,80,507
NO.295,龙息帕尔,恶,付给恶魔的赎价：击败敌方精灵时，敌方额外损失1点魔力。被敌方精灵击败时，自己额外损失1点魔力。,130,127,57,131,87,100,632
NO.296,毛头小蛛,虫/地,扫拖一体：回合结束时驱散敌方1层印记，且驱散后己方队伍获得1次随机奉献。,85,80,27,93,79,88,452
NO.297,捕虫长绒,虫/地,扫拖一体：回合结束时驱散敌方1层印记，且驱散后己方队伍获得1次随机奉献。,106,100,34,116,99,110,565
NO.298,食堂短绒,虫/地,特殊清洁场景：回合结束时偷取敌方1层印记。,109,105,37,113,97,115,576
NO.299,画眉灵,普通,灰色肖像：攻击会使敌方已有的减益层数+3。,61,32,78,56,72,72,371
NO.300,画像守护,普通,灰色肖像：攻击会使敌方已有的减益层数+3。,81,42,104,75,96,96,494
NO.301,画间法师,普通/幻,灰色肖像：攻击会使敌方已有的减益层数+3。,101,53,131,94,120,120,619
NO.302,画间沉铁兽,普通/武,变形活画：攻击时，敌方每有1层增益，本次技能威力+10%。,100,160,67,100,76,105,608
NO.303,书魔虫,普通,图书馆卫者：入场时，若自己魔力值为1，自己获得双攻+50%。,67,75,75,48,73,57,395
NO.304,书卷守护,普通,图书馆卫者：入场时，若自己魔力值为1，自己获得双攻+50%。,89,100,100,64,98,76,527
NO.305,古卷执政官,普通/幻,图书馆卫者：入场时，若自己魔力值为1，自己获得双攻+50%。,111,125,125,80,122,95,658
NO.306,古卷噩魇像,普通/武,构装契约者：入场时，若敌方魔力值为1，自己获得双防+50%。,114,109,109,134,89,95,650
NO.307,绒绒,光/虫,绒粉星光：使用攻击技能后，敌方获得2层星陨印记。,58,42,44,49,80,69,342
NO.308,小绒苗,光/虫,绒粉星光：使用攻击技能后，敌方获得2层星陨印记。,77,56,58,65,106,92,454
NO.309,绒仙子,光/虫,绒粉星光：使用攻击技能后，敌方获得2层星陨印记。,96,71,73,81,133,115,569
NO.310,犀角鸟,光,月光审判：攻击技能获得迸发：回复3能量。,63,88,40,67,44,66,368
NO.311,光纤兽,光,月光审判：攻击技能获得迸发：回复3能量。,83,117,54,90,58,88,490
NO.312,疾光千兽,光,月光审判：攻击技能获得迸发：回复3能量。,104,146,67,112,73,110,612
NO.313,果冻,水,茶多酚：离场后，更换入场的精灵回复20%生命且免疫寄生。,81,26,81,75,78,96,437
NO.314,抹茶布丁,水/草,茶多酚：离场后，更换入场的精灵回复20%生命且免疫寄生。,101,32,101,94,98,120,546
NO.315,椰浆布丁,水/冰,吉利丁片：离场后，更换入场的精灵获得双防+20%且免疫冻结。,133,34,89,81,105,120,562
NO.316,熔岩布丁,水/火,美拉德反应：离场后，更换入场的精灵获得双攻+20%且免疫灼烧。,128,87,33,112,84,120,564
NO.317,星尘虫,虫,契约的形状：根据捕捉所用的咕噜球，入场时获得不同效果。,49,47,47,46,58,60,307
NO.318,落星虫,虫,契约的形状：根据捕捉所用的咕噜球，入场时获得不同效果。,65,62,62,61,77,80,407
NO.319,陨星虫,虫,契约的形状：根据捕捉所用的咕噜球，入场时获得不同效果。,81,78,78,76,96,100,509
NO.320,双灯鱼,水/电,对流：自己的能耗增加变为能耗降低；能耗降低变为能耗增加。,102,55,111,57,93,84,502
NO.321,利灯鱼,水/电,对流：自己的能耗增加变为能耗降低；能耗降低变为能耗增加。,128,68,138,71,116,105,626
NO.322,月牙雪熊,冰/幻,月牙雪糕：使用攻击技能时，敌方每层冻结视为1层额外星陨印记。,126,97,39,141,103,80,586
NO.323,嗜血呜暗龙,恶/光,血型吸引：敌方每携带1种系别的技能，自己攻击时威力+10。,75,83,83,50,90,92,473
NO.324,窃光龙,恶/光,血型吸引：敌方每携带1种系别的技能，自己攻击时威力+10。,93,104,104,63,113,115,592
NO.325,柴渣虫,火/草,煤渣草：在场时，所有灼烧的衰减变为增长。,108,96,38,82,58,80,462
NO.326,燃薪虫,火/草,煤渣草：在场时，所有灼烧的衰减变为增长。,135,120,48,103,73,100,579
NO.327,空空颅,幽,搜刮：敌方每使用1次【聚能】技能或更换精灵，自己入场时获得魔攻+20%。,70,7,37,57,64,48,283
NO.328,夜宿颅,幽,搜刮：敌方每使用1次【聚能】技能或更换精灵，自己入场时获得魔攻+20%。,94,9,49,72,85,64,373
NO.329,夜枭,幽,搜刮：敌方每使用1次【聚能】技能或更换精灵，自己入场时获得魔攻+20%。,117,10,61,90,106,80,464
NO.330,粉粉星,电/幻,心地善良：回合结束时，若场上的己方精灵能量等于0，自己立即替换该精灵。,93,54,102,57,101,88,495
NO.331,小皮球,电/幻,心地善良：回合结束时，若场上的己方精灵能量等于0，自己立即替换该精灵。,116,68,127,71,126,110,618
NO.332,贝瑟,机械/火,贪心算法：1号位技能获得传动1，且使用后使敌方获得6层灼烧。,79,46,78,51,98,33,385
NO.333,贝加尔,机械/火,贪心算法：1号位技能获得传动1，且使用后使敌方获得6层灼烧。,105,61,104,68,130,44,512
NO.334,贝古斯,机械/火,贪心算法：1号位技能获得传动1，且使用后使敌方获得6层灼烧。,132,76,130,85,163,55,641
NO.335,粉星仔,幻,双向光速：在场时，所有回合结束触发，触发次数+1。,80,63,119,58,102,92,514
NO.336,粉耳星兔,幻,双向光速：在场时，所有回合结束触发，触发次数+1。,100,79,148,73,127,115,642
NO.337,落陨星兔,幻/幽,陨落：在场时，双向回合结束时触发的效果，触发次数-1。,93,61,125,87,141,130,637
NO.338,布瓜帽,幻,张弛有度：周末时自己获得双攻+40%，其他时间获得双防+40%。,91,84,35,81,55,96,442
NO.339,上岸蛙,幻,张弛有度：周末时自己获得双攻+40%，其他时间获得双防+40%。,114,106,44,101,69,120,554
NO.340,火红尾,火,天地神时：攻击时，若敌方血脉是污染血脉，技能威力+100%。,67,56,129,70,89,100,511
NO.341,雅丹鬃鼠,火,天地神时：攻击时，若敌方血脉是污染血脉，技能威力+100%。,83,49,113,62,78,125,510
NO.342,春团,草,系统发育：获得能量或生命时，会将等量的能量或生命随机分配给场下的精灵。,48,51,57,65,57,63,341
NO.343,春兔,草,系统发育：获得能量或生命时，会将等量的能量或生命随机分配给场下的精灵。,63,68,76,87,77,84,455
NO.344,春花兔,草,系统发育：获得能量或生命时，会将等量的能量或生命随机分配给场下的精灵。,79,85,95,103,90,105,557
NO.345,幽星光,幻,守望星：触发星陨时消耗一半层数，仍造成满层伤害。,49,21,63,48,63,75,319
NO.346,曜星光,幻/翼,守望星：触发星陨时消耗一半层数，仍造成满层伤害。,65,28,84,68,84,100,429
NO.347,暮星辰,幻/翼,守望星：触发星陨时消耗一半层数，仍造成满层伤害。,81,35,106,80,105,125,532
